{
  "delaunay": [
    {
      "nodes": 100,
      "graphizy_construction_time": 6.741499997588107,
      "graphizy_metrics_time": 5.9326000009605195,
      "graphizy_total_time": 12.67829999778769,
      "networkx_construction_time": 10.026599997218,
      "networkx_metrics_time": 202.53100000263657,
      "networkx_total_time": 212.5627000023087,
      "graphizy_edges": 281,
      "networkx_edges": 285,
      "construction_speedup": 1.487295112483156,
      "metrics_speedup": 34.13865758180995,
      "total_speedup": 16.76586766675343
    },
    {
      "nodes": 500,
      "graphizy_construction_time": 14.308300000266172,
      "graphizy_metrics_time": 65.58710000172141,
      "graphizy_total_time": 79.89989999987301,
      "networkx_construction_time": 13.289999998960411,
      "networkx_metrics_time": 1222.4022000009427,
      "networkx_total_time": 1235.6956000003265,
      "graphizy_edges": 1471,
      "networkx_edges": 1482,
      "construction_speedup": 0.9288315172811014,
      "metrics_speedup": 18.6378449415946,
      "total_speedup": 15.465546264792453
    },
    {
      "nodes": 1000,
      "graphizy_construction_time": 26.925899997877423,
      "graphizy_metrics_time": 217.66679999927874,
      "graphizy_total_time": 244.59579999893322,
      "networkx_construction_time": 28.606500000023516,
      "networkx_metrics_time": 4646.4310999981535,
      "networkx_total_time": 4675.040199999785,
      "graphizy_edges": 2968,
      "networkx_edges": 2977,
      "construction_speedup": 1.0624157410626414,
      "metrics_speedup": 21.346531028220888,
      "total_speedup": 19.113329828313383
    }
  ],
  "proximity": [
    {
      "nodes": 100,
      "threshold": 123.11364315835363,
      "graphizy_construction_time": 1.7308000024058856,
      "graphizy_metrics_time": 0.4912000003969297,
      "graphizy_total_time": 2.2236000004340895,
      "networkx_construction_time": 0.8052999983192421,
      "networkx_metrics_time": 2.814700001181336,
      "networkx_total_time": 3.6222000017005485,
      "graphizy_edges": 193,
      "networkx_edges": 193,
      "graphs_match": true,
      "construction_speedup": 0.465276171250197,
      "metrics_speedup": 5.730252440771231,
      "total_speedup": 1.6289800328266888,
      "n_components_match": true,
      "avg_degree_diff": 0.0
    },
    {
      "nodes": 500,
      "threshold": 52.348015160934985,
      "graphizy_construction_time": 8.300400000734953,
      "graphizy_metrics_time": 2.1943000028841197,
      "graphizy_total_time": 10.496599999896716,
      "networkx_construction_time": 6.22769999972661,
      "networkx_metrics_time": 12.17009999891161,
      "networkx_total_time": 18.40009999796166,
      "graphizy_edges": 1022,
      "networkx_edges": 1022,
      "graphs_match": true,
      "construction_speedup": 0.7502891425925476,
      "metrics_speedup": 5.546233415173681,
      "total_speedup": 1.7529581005413861,
      "n_components_match": true,
      "avg_degree_diff": 0.0
    },
    {
      "nodes": 1000,
      "threshold": 36.52108012810225,
      "graphizy_construction_time": 21.169799998460803,
      "graphizy_metrics_time": 1.8769999987853225,
      "graphizy_total_time": 23.04789999834611,
      "networkx_construction_time": 16.693900000973372,
      "networkx_metrics_time": 16.167900001164526,
      "networkx_total_time": 32.86409999782336,
      "graphizy_edges": 2010,
      "networkx_edges": 2010,
      "graphs_match": true,
      "construction_speedup": 0.7885714556673723,
      "metrics_speedup": 8.613692067995409,
      "total_speedup": 1.4259043123313468,
      "n_components_match": true,
      "avg_degree_diff": 0.0
    }
  ],
  "mst": [
    {
      "nodes": 100,
      "graphizy_construction_time": 2.6834000018425286,
      "graphizy_metrics_time": 0.3308000013930723,
      "graphizy_total_time": 3.0149000012897886,
      "networkx_construction_time": 34.29699999833247,
      "networkx_metrics_time": 12.193500002467772,
      "networkx_total_time": 46.49290000088513,
      "graphizy_edges": 99,
      "networkx_edges": 99,
      "construction_speedup": 12.781173129158079,
      "metrics_speedup": 36.86064072284835,
      "total_speedup": 15.421042150981872
    },
    {
      "nodes": 500,
      "graphizy_construction_time": 74.88139999986743,
      "graphizy_metrics_time": 6.3009000004967675,
      "graphizy_total_time": 81.1853000013798,
      "networkx_construction_time": 603.7828000007721,
      "networkx_metrics_time": 287.7348999973037,
      "networkx_total_time": 891.5218000001914,
      "graphizy_edges": 499,
      "networkx_edges": 499,
      "construction_speedup": 8.06318792119059,
      "metrics_speedup": 45.665682676223796,
      "total_speedup": 10.981320509809526
    },
    {
      "nodes": 1000,
      "graphizy_construction_time": 405.1577999998699,
      "graphizy_metrics_time": 26.375400000688387,
      "graphizy_total_time": 431.53569999776664,
      "networkx_construction_time": 2240.2495999995153,
      "networkx_metrics_time": 870.3005999996094,
      "networkx_total_time": 3110.553299997264,
      "graphizy_edges": 999,
      "networkx_edges": 999,
      "construction_speedup": 5.529326104545524,
      "metrics_speedup": 32.99667872247984,
      "total_speedup": 7.20810190214474
    }
  ],
  "memory": [
    {
      "nodes": 100,
      "avg_time_per_update": 1.4967049995902926,
      "total_connections": 50,
      "timesteps": 20
    },
    {
      "nodes": 500,
      "avg_time_per_update": 19.698385000083363,
      "total_connections": 50,
      "timesteps": 20
    },
    {
      "nodes": 1000,
      "avg_time_per_update": 79.13343499985785,
      "total_connections": 50,
      "timesteps": 20
    }
  ]
}